{
  "Total" : {
    "transaction" : "Total",
    "sampleCount" : 6221276,
    "errorCount" : 6221241,
    "errorPct" : 99.999435,
    "meanResTime" : 52.38186314190332,
    "medianResTime" : 51.0,
    "minResTime" : 0.0,
    "maxResTime" : 9246.0,
    "pct1ResTime" : 84.0,
    "pct2ResTime" : 104.0,
    "pct3ResTime" : 277.0,
    "throughput" : 17277.098931372333,
    "receivedKBytesPerSec" : 43832.61060599249,
    "sentKBytesPerSec" : 1.093235911256415
  },
  "GET /api/v1/esg/summary" : {
    "transaction" : "GET /api/v1/esg/summary",
    "sampleCount" : 2074109,
    "errorCount" : 2074076,
    "errorPct" : 99.998405,
    "meanResTime" : 52.430263790378795,
    "medianResTime" : 53.0,
    "minResTime" : 0.0,
    "maxResTime" : 9246.0,
    "pct1ResTime" : 79.0,
    "pct2ResTime" : 92.0,
    "pct3ResTime" : 147.9900000000016,
    "throughput" : 5760.0058874497345,
    "receivedKBytesPerSec" : 14613.054032321612,
    "sentKBytesPerSec" : 0.4223956626574615
  },
  "GET /api/v1/traffic/incidents" : {
    "transaction" : "GET /api/v1/traffic/incidents",
    "sampleCount" : 2073756,
    "errorCount" : 2073754,
    "errorPct" : 99.9999,
    "meanResTime" : 52.334260154043385,
    "medianResTime" : 53.0,
    "minResTime" : 0.0,
    "maxResTime" : 9245.0,
    "pct1ResTime" : 80.0,
    "pct2ResTime" : 93.0,
    "pct3ResTime" : 143.0,
    "throughput" : 5772.10581397938,
    "receivedKBytesPerSec" : 14644.28825372472,
    "sentKBytesPerSec" : 0.3559036355115344
  },
  "GET /api/v1/environment/aqi/current" : {
    "transaction" : "GET /api/v1/environment/aqi/current",
    "sampleCount" : 2073411,
    "errorCount" : 2073411,
    "errorPct" : 100.0,
    "meanResTime" : 52.38105710831022,
    "medianResTime" : 53.0,
    "minResTime" : 0.0,
    "maxResTime" : 9246.0,
    "pct1ResTime" : 80.0,
    "pct2ResTime" : 93.0,
    "pct3ResTime" : 147.0,
    "throughput" : 5795.244537115194,
    "receivedKBytesPerSec" : 14702.77366972763,
    "sentKBytesPerSec" : 0.31778173196786835
  }
}