{
  "Total" : {
    "transaction" : "Total",
    "sampleCount" : 214670,
    "errorCount" : 0,
    "errorPct" : 0.0,
    "meanResTime" : 17.57856244468243,
    "medianResTime" : 3.0,
    "minResTime" : 1.0,
    "maxResTime" : 1397.0,
    "pct1ResTime" : 4.0,
    "pct2ResTime" : 6.0,
    "pct3ResTime" : 12.0,
    "throughput" : 596.0654736286773,
    "receivedKBytesPerSec" : 1007.5270003010941,
    "sentKBytesPerSec" : 519.0423437304767
  },
  "GET /api/v1/esg/summary" : {
    "transaction" : "GET /api/v1/esg/summary",
    "sampleCount" : 71879,
    "errorCount" : 0,
    "errorPct" : 0.0,
    "meanResTime" : 16.021271859653105,
    "medianResTime" : 2.0,
    "minResTime" : 1.0,
    "maxResTime" : 1397.0,
    "pct1ResTime" : 4.0,
    "pct2ResTime" : 6.0,
    "pct3ResTime" : 14.0,
    "throughput" : 199.6023448325655,
    "receivedKBytesPerSec" : 158.27456835791602,
    "sentKBytesPerSec" : 173.48250673924153
  },
  "GET /api/v1/traffic/incidents" : {
    "transaction" : "GET /api/v1/traffic/incidents",
    "sampleCount" : 71565,
    "errorCount" : 0,
    "errorPct" : 0.0,
    "meanResTime" : 18.68863271152093,
    "medianResTime" : 3.0,
    "minResTime" : 1.0,
    "maxResTime" : 1310.0,
    "pct1ResTime" : 5.0,
    "pct2ResTime" : 7.0,
    "pct3ResTime" : 15.0,
    "throughput" : 198.74032541593422,
    "receivedKBytesPerSec" : 418.82970922615823,
    "sentKBytesPerSec" : 175.25636118221541
  },
  "GET /api/v1/environment/aqi/current" : {
    "transaction" : "GET /api/v1/environment/aqi/current",
    "sampleCount" : 71226,
    "errorCount" : 0,
    "errorPct" : 0.0,
    "meanResTime" : 18.03477662651255,
    "medianResTime" : 3.0,
    "minResTime" : 1.0,
    "maxResTime" : 1199.0,
    "pct1ResTime" : 5.0,
    "pct2ResTime" : 7.0,
    "pct3ResTime" : 15.0,
    "throughput" : 197.80933919138843,
    "receivedKBytesPerSec" : 430.5830244703172,
    "sentKBytesPerSec" : 170.3787472332076
  }
}