{
  "Total" : {
    "transaction" : "Total",
    "sampleCount" : 148602,
    "errorCount" : 139923,
    "errorPct" : 94.15957,
    "meanResTime" : 754.4929408756092,
    "medianResTime" : 34.0,
    "minResTime" : 0.0,
    "maxResTime" : 43195.0,
    "pct1ResTime" : 69.0,
    "pct2ResTime" : 2615.3000000005777,
    "pct3ResTime" : 7046.0,
    "throughput" : 412.7156938168467,
    "receivedKBytesPerSec" : 1009.4560674431134,
    "sentKBytesPerSec" : 21.75906142725914
  },
  "GET /api/v1/esg/summary" : {
    "transaction" : "GET /api/v1/esg/summary",
    "sampleCount" : 49868,
    "errorCount" : 46594,
    "errorPct" : 93.43467,
    "meanResTime" : 771.477661025099,
    "medianResTime" : 19.0,
    "minResTime" : 0.0,
    "maxResTime" : 40805.0,
    "pct1ResTime" : 76.0,
    "pct2ResTime" : 1196.0,
    "pct3ResTime" : 4512.0,
    "throughput" : 138.49952368917317,
    "receivedKBytesPerSec" : 330.4311026326588,
    "sentKBytesPerSec" : 8.062372243160148
  },
  "GET /api/v1/traffic/incidents" : {
    "transaction" : "GET /api/v1/traffic/incidents",
    "sampleCount" : 49532,
    "errorCount" : 46656,
    "errorPct" : 94.19365,
    "meanResTime" : 786.6983566179362,
    "medianResTime" : 19.0,
    "minResTime" : 0.0,
    "maxResTime" : 43195.0,
    "pct1ResTime" : 89.0,
    "pct2ResTime" : 1594.0,
    "pct3ResTime" : 4516.0,
    "throughput" : 137.58430274546404,
    "receivedKBytesPerSec" : 340.2010758712557,
    "sentKBytesPerSec" : 7.365534104592347
  },
  "GET /api/v1/environment/aqi/current" : {
    "transaction" : "GET /api/v1/environment/aqi/current",
    "sampleCount" : 49202,
    "errorCount" : 46673,
    "errorPct" : 94.85996,
    "meanResTime" : 704.8568960611394,
    "medianResTime" : 19.0,
    "minResTime" : 0.0,
    "maxResTime" : 36302.0,
    "pct1ResTime" : 86.0,
    "pct2ResTime" : 1288.0,
    "pct3ResTime" : 4513.0,
    "throughput" : 136.69082736261322,
    "receivedKBytesPerSec" : 338.96997112975095,
    "sentKBytesPerSec" : 6.33401642688866
  }
}